Date,Open,High,Low,Close,Adj Close,Volume,company
2022-12-19,244.860001,245.210007,238.710007,240.449997,238.3367,29696400,MSFT
2022-12-20,239.399994,242.910004,238.419998,241.800003,239.674835,25150800,MSFT
2022-12-21,241.690002,245.619995,240.110001,244.429993,242.281708,23690600,MSFT
2022-12-22,241.259995,241.990005,233.869995,238.190002,236.096542,28651700,MSFT
2022-12-23,236.110001,238.869995,233.940002,238.729996,236.631805,21207000,MSFT
2022-12-27,238.699997,238.929993,235.830002,236.960007,234.87738,16688600,MSFT
2022-12-28,236.889999,239.720001,234.169998,234.529999,232.468719,17457100,MSFT
2022-12-29,235.649994,241.919998,235.649994,241.009995,238.891785,19770700,MSFT
2022-12-30,238.210007,239.960007,236.660004,239.820007,237.71225,21938500,MSFT
2023-01-03,243.080002,245.75,237.399994,239.580002,237.474335,25740000,MSFT
2023-01-04,232.279999,232.869995,225.960007,229.100006,227.086441,50623400,MSFT
2023-01-05,227.199997,227.550003,221.759995,222.309998,220.356125,39585600,MSFT
2023-01-06,223.0,225.759995,219.350006,224.929993,222.95311,43613600,MSFT
2023-01-09,226.449997,231.240005,226.410004,227.119995,225.12384,27369800,MSFT
2023-01-10,227.759995,231.309998,227.330002,228.850006,226.838638,27033900,MSFT
2023-01-11,231.289993,235.949997,231.110001,235.770004,233.697845,28669300,MSFT
2023-01-12,235.259995,239.899994,233.559998,238.509995,236.413727,27269500,MSFT
2023-01-13,237.0,239.369995,234.919998,239.229996,237.127396,21333300,MSFT
2023-01-17,237.970001,240.910004,237.089996,240.350006,238.237564,29831300,MSFT
2023-01-18,241.570007,242.380005,235.520004,235.809998,233.737457,30028700,MSFT
2023-01-19,233.779999,235.520004,230.679993,231.929993,229.891571,28623000,MSFT
2023-01-20,234.860001,240.740005,234.509995,240.220001,238.108719,35389800,MSFT
2023-01-23,241.100006,245.169998,239.649994,242.580002,240.447968,31934000,MSFT
2023-01-24,242.5,243.949997,240.440002,242.039993,239.91272,40234400,MSFT
2023-01-25,234.479996,243.300003,230.899994,240.610001,238.495285,66526600,MSFT
2023-01-26,243.649994,248.309998,242.0,248.0,245.820328,33454500,MSFT
2023-01-27,248.990005,249.830002,246.830002,248.160004,245.978928,26498900,MSFT
2023-01-30,244.509995,245.600006,242.199997,242.710007,240.576843,25867400,MSFT
2023-01-31,243.449997,247.949997,242.949997,247.809998,245.632004,26541100,MSFT
2023-02-01,248.0,255.179993,245.470001,252.75,250.528595,31259900,MSFT
2023-02-02,258.820007,264.690002,257.25,264.600006,262.274445,39940400,MSFT
2023-02-03,259.540009,264.200012,257.100006,258.350006,256.079376,29077300,MSFT
2023-02-06,257.440002,258.299988,254.779999,256.769989,254.51326,22518000,MSFT
2023-02-07,260.529999,268.769989,260.079987,267.559998,265.208435,50841400,MSFT
2023-02-08,273.200012,276.76001,266.209991,266.730011,264.385712,54686000,MSFT
2023-02-09,273.799988,273.980011,262.799988,263.619995,261.30304,42375100,MSFT
2023-02-10,261.529999,264.089996,260.660004,263.100006,260.787659,25818500,MSFT
2023-02-13,267.640015,274.600006,267.149994,271.320007,268.935394,44630900,MSFT
2023-02-14,272.670013,274.970001,269.279999,272.170013,269.777924,37047900,MSFT
2023-02-15,268.320007,270.730011,266.179993,269.320007,267.621613,28922400,MSFT
2023-02-16,264.019989,266.73999,261.899994,262.149994,260.496796,29603600,MSFT
2023-02-17,259.390015,260.089996,256.0,258.059998,256.432587,30000100,MSFT
2023-02-21,254.479996,255.490005,251.589996,252.669998,251.076584,28397400,MSFT
2023-02-22,254.089996,254.339996,250.339996,251.509995,249.923904,22491100,MSFT
2023-02-23,255.559998,256.839996,250.479996,254.770004,253.163345,29219100,MSFT
2023-02-24,249.960007,251.0,248.100006,249.220001,247.648346,24990900,MSFT
2023-02-27,252.460007,252.820007,249.389999,250.160004,248.582428,21190000,MSFT
2023-02-28,249.070007,251.490005,248.729996,249.419998,247.847076,22491000,MSFT
2023-03-01,250.759995,250.929993,245.789993,246.270004,244.716965,27565300,MSFT
2023-03-02,246.550003,251.399994,245.610001,251.110001,249.526428,24808200,MSFT
2023-03-03,252.190002,255.619995,251.389999,255.289993,253.680054,30760100,MSFT
2023-03-06,256.429993,260.119995,255.979996,256.869995,255.250107,24109800,MSFT
2023-03-07,256.299988,257.690002,253.389999,254.149994,252.547241,21473200,MSFT
2023-03-08,254.039993,254.539993,250.809998,253.699997,252.100098,17340200,MSFT
2023-03-09,255.820007,259.559998,251.580002,252.320007,250.728806,26653400,MSFT
2023-03-10,251.080002,252.789993,247.600006,248.589996,247.022308,28333900,MSFT
2023-03-13,247.399994,257.910004,245.729996,253.919998,252.31871,33339700,MSFT
2023-03-14,256.75,261.070007,255.860001,260.790009,259.145416,33620300,MSFT
2023-03-15,259.980011,266.480011,259.209991,265.440002,263.766083,46028000,MSFT
2023-03-16,265.209991,276.559998,263.279999,276.200012,274.458191,54768800,MSFT
2023-03-17,278.26001,283.329987,276.320007,279.429993,277.667816,69527400,MSFT
2023-03-20,276.980011,277.480011,269.850006,272.230011,270.513245,43466600,MSFT
2023-03-21,274.880005,275.0,269.519989,273.779999,272.053436,34558700,MSFT
2023-03-22,273.399994,281.040009,272.179993,272.290009,270.572876,34873300,MSFT
2023-03-23,277.940002,281.059998,275.200012,277.660004,275.908997,36610900,MSFT
2023-03-24,277.23999,280.630005,275.279999,280.570007,278.800659,28172000,MSFT
2023-03-27,280.5,281.459991,275.519989,276.380005,274.637085,26840200,MSFT
2023-03-28,275.790009,276.140015,272.049988,275.230011,273.494354,21878600,MSFT
2023-03-29,278.959991,281.140015,278.410004,280.51001,278.741058,25087000,MSFT
2023-03-30,284.230011,284.459991,281.480011,284.049988,282.258698,25053400,MSFT
2023-03-31,283.730011,289.269989,283.0,288.299988,286.481873,32766000,MSFT
2023-04-03,286.519989,288.269989,283.950012,287.230011,285.41864,24883300,MSFT
2023-04-04,287.230011,290.450012,285.670013,287.179993,285.368958,25824300,MSFT
2023-04-05,285.850006,287.149994,282.920013,284.339996,282.546844,22064800,MSFT
2023-04-06,283.209991,292.079987,282.029999,291.600006,289.761078,29770300,MSFT
2023-04-10,289.209991,289.600006,284.709991,289.390015,287.565033,23103000,MSFT
2023-04-11,285.75,285.980011,281.640015,282.829987,281.046356,27276600,MSFT
2023-04-12,284.790009,287.01001,281.959991,283.48999,281.70224,27403400,MSFT
2023-04-13,283.589996,289.899994,283.170013,289.839996,288.012177,24222700,MSFT
2023-04-14,287.0,288.480011,283.690002,286.140015,284.335541,20987900,MSFT
2023-04-17,289.929993,291.600006,286.160004,288.799988,286.97876,23836200,MSFT
2023-04-18,291.570007,291.76001,287.01001,288.369995,286.551453,20161800,MSFT
2023-04-19,285.98999,289.049988,284.540009,288.450012,286.630981,17150300,MSFT
2023-04-20,285.25,289.029999,285.079987,286.109985,284.305695,23244400,MSFT
2023-04-21,285.01001,286.269989,283.059998,285.76001,283.957947,21676400,MSFT
2023-04-24,282.089996,284.950012,278.720001,281.769989,279.993042,26611000,MSFT
2023-04-25,279.51001,281.600006,275.369995,275.420013,273.683136,45772200,MSFT
2023-04-26,296.700012,299.570007,292.730011,295.369995,293.507294,64599200,MSFT
2023-04-27,295.970001,305.200012,295.25,304.829987,302.907654,46462600,MSFT
2023-04-28,304.01001,308.929993,303.309998,307.26001,305.322357,36446700,MSFT
2023-05-01,306.970001,308.600006,305.149994,305.559998,303.633057,21294100,MSFT
2023-05-02,307.76001,309.179993,303.910004,305.410004,303.483978,26404400,MSFT
2023-05-03,306.619995,308.609985,304.089996,304.399994,302.480377,22360800,MSFT
2023-05-04,306.23999,307.76001,303.399994,305.410004,303.483978,22519900,MSFT
2023-05-05,305.720001,311.970001,304.269989,310.649994,308.690948,28181200,MSFT
2023-05-08,310.130005,310.200012,306.089996,308.649994,306.703583,21318600,MSFT
2023-05-09,308.0,310.040009,306.309998,307.0,305.063995,21340800,MSFT
2023-05-10,308.619995,313.0,307.670013,312.309998,310.340485,30078000,MSFT
2023-05-11,310.100006,311.119995,306.26001,310.109985,308.154327,31680200,MSFT
2023-05-12,310.549988,310.649994,306.600006,308.970001,307.021576,19758100,MSFT
2023-05-15,309.100006,309.899994,307.589996,309.459991,307.508453,16336500,MSFT
2023-05-16,309.829987,313.709991,309.829987,311.73999,309.774078,26730300,MSFT
2023-05-17,312.290009,314.429993,310.73999,314.0,312.701935,24315000,MSFT
2023-05-18,314.529999,319.040009,313.720001,318.519989,317.203247,27276000,MSFT
2023-05-19,316.73999,318.75,316.369995,318.339996,317.023956,27529500,MSFT
2023-05-22,318.600006,322.589996,318.01001,321.179993,319.852234,24115700,MSFT
2023-05-23,320.029999,322.720001,315.25,315.26001,313.956696,30797200,MSFT
2023-05-24,314.730011,316.5,312.609985,313.850006,312.552551,23384900,MSFT
2023-05-25,323.23999,326.899994,320.0,325.920013,324.572632,43301700,MSFT
2023-05-26,324.019989,333.399994,323.880005,332.890015,331.513855,36630600,MSFT
2023-05-30,335.230011,335.73999,330.519989,331.209991,329.840759,29503100,MSFT
2023-05-31,332.290009,335.940002,327.329987,328.390015,327.03244,45950600,MSFT
2023-06-01,325.929993,333.529999,324.720001,332.579987,331.205078,26773900,MSFT
2023-06-02,334.25,337.5,332.549988,335.399994,334.013458,25864000,MSFT
2023-06-05,335.220001,338.559998,334.660004,335.940002,334.551239,21307100,MSFT
2023-06-06,335.329987,335.369995,332.170013,333.679993,332.300537,20396200,MSFT
2023-06-07,331.649994,334.48999,322.5,323.380005,322.043152,40717100,MSFT
2023-06-08,323.940002,326.640015,323.350006,325.26001,323.915375,23277700,MSFT
2023-06-09,324.98999,329.98999,324.410004,326.790009,325.439056,22514900,MSFT
2023-06-12,328.579987,332.100006,325.160004,331.850006,330.478149,24260300,MSFT
2023-06-13,334.470001,336.980011,330.390015,334.290009,332.908051,22951300,MSFT
2023-06-14,334.339996,339.040009,332.809998,337.339996,335.945435,26003800,MSFT
2023-06-15,337.480011,349.839996,337.200012,348.100006,346.66095,38899100,MSFT
2023-06-16,351.320007,351.470001,341.950012,342.329987,340.914795,46533600,MSFT
2023-06-20,339.309998,342.079987,335.859985,338.049988,336.652496,26375400,MSFT
2023-06-21,336.369995,337.730011,332.070007,333.559998,332.18103,25117800,MSFT
2023-06-22,334.119995,340.119995,333.339996,339.709991,338.305634,23556800,MSFT
2023-06-23,334.359985,337.959991,333.450012,335.019989,333.63501,23084700,MSFT
2023-06-26,333.720001,336.109985,328.48999,328.600006,327.241577,21520600,MSFT
2023-06-27,331.859985,336.149994,329.299988,334.570007,333.18689,24354100,MSFT
2023-06-28,334.660004,337.980011,333.809998,335.850006,334.461609,20259500,MSFT
2023-06-29,334.709991,336.109985,332.619995,335.049988,333.664886,16997000,MSFT
2023-06-30,337.75,342.730011,337.200012,340.540009,339.132202,26823800,MSFT
2023-07-03,339.190002,340.899994,336.570007,337.98999,336.592743,12508700,MSFT
2023-07-05,335.089996,341.649994,334.730011,338.149994,336.752075,18172400,MSFT
2023-07-06,337.299988,342.98999,335.5,341.269989,339.859192,28161200,MSFT
2023-07-07,339.320007,341.790009,337.0,337.220001,335.825928,21185300,MSFT
2023-07-10,334.600006,335.230011,327.589996,331.829987,330.458191,32791400,MSFT
2023-07-11,331.059998,332.859985,327.0,332.470001,331.095581,26698200,MSFT
2023-07-12,336.600006,341.649994,335.670013,337.200012,335.806,29995300,MSFT
2023-07-13,339.559998,343.73999,339.019989,342.660004,341.243439,20567200,MSFT
2023-07-14,347.589996,351.429993,344.309998,345.23999,343.812775,28302200,MSFT
2023-07-17,345.679993,346.98999,342.200012,345.730011,344.300751,20363900,MSFT
2023-07-18,345.829987,366.779999,342.170013,359.48999,358.003845,64872700,MSFT
2023-07-19,361.75,362.459991,352.440002,355.079987,353.612091,39732900,MSFT
2023-07-20,353.570007,357.970001,345.369995,346.869995,345.436035,33778400,MSFT
2023-07-21,349.149994,350.299988,339.829987,343.769989,342.348846,69368900,MSFT
2023-07-24,345.850006,346.920013,342.309998,345.109985,343.683289,26678100,MSFT
2023-07-25,347.109985,351.890015,345.070007,350.980011,349.529053,41637700,MSFT
2023-07-26,341.440002,344.670013,333.109985,337.769989,336.373657,58383700,MSFT
2023-07-27,340.480011,341.329987,329.049988,330.720001,329.352783,39635300,MSFT
2023-07-28,333.670013,340.01001,333.170013,338.369995,336.971161,28484900,MSFT
2023-07-31,336.920013,337.700012,333.359985,335.920013,334.531311,25446000,MSFT
2023-08-01,335.190002,338.540009,333.700012,336.339996,334.949554,18311900,MSFT
2023-08-02,333.630005,333.630005,326.359985,327.5,326.146118,27761300,MSFT
2023-08-03,326.0,329.880005,325.950012,326.660004,325.30957,18253700,MSFT
2023-08-04,331.880005,335.140015,327.23999,327.779999,326.424957,23727700,MSFT
2023-08-07,328.369995,331.109985,327.519989,330.109985,328.7453,17741500,MSFT
2023-08-08,326.959991,328.75,323.0,326.049988,324.702087,22327600,MSFT
2023-08-09,326.470001,327.109985,321.049988,322.230011,320.897919,22373300,MSFT
2023-08-10,326.019989,328.26001,321.179993,322.929993,321.594971,20113700,MSFT
2023-08-11,320.26001,322.410004,319.209991,321.01001,319.682953,24342600,MSFT
2023-08-14,321.390015,324.059998,320.079987,324.040009,322.700439,18836100,MSFT
2023-08-15,323.0,325.089996,320.899994,321.859985,320.529388,16966300,MSFT
2023-08-16,320.799988,324.420013,319.799988,320.399994,319.751007,20698900,MSFT
2023-08-17,320.540009,321.869995,316.209991,316.880005,316.238159,21257200,MSFT
2023-08-18,314.48999,318.380005,311.549988,316.480011,315.838959,24744800,MSFT
2023-08-21,317.929993,322.769989,317.040009,321.880005,321.228027,24040000,MSFT
2023-08-22,325.5,326.079987,321.459991,322.459991,321.806824,16102000,MSFT
2023-08-23,323.820007,329.200012,323.459991,327.0,326.337646,21166400,MSFT
2023-08-24,332.850006,332.980011,319.959991,319.970001,319.321899,23281400,MSFT
2023-08-25,321.470001,325.359985,318.799988,322.980011,322.325806,21684100,MSFT
2023-08-28,325.660004,326.149994,321.720001,323.700012,323.044342,14808500,MSFT
2023-08-29,321.880005,328.980011,321.880005,328.410004,327.744781,19284600,MSFT
2023-08-30,328.670013,329.809998,326.450012,328.790009,328.124023,15222100,MSFT
2023-08-31,329.200012,330.910004,326.779999,327.76001,327.09613,26411000,MSFT
2023-09-01,331.309998,331.98999,326.779999,328.660004,327.994293,14931200,MSFT
2023-09-05,329.0,334.850006,328.660004,333.549988,332.874359,18553900,MSFT
2023-09-06,333.380005,334.459991,330.179993,332.880005,332.20575,17535800,MSFT
2023-09-07,331.290009,333.079987,329.029999,329.910004,329.24176,18381000,MSFT
2023-09-08,330.089996,336.160004,329.459991,334.269989,333.592896,19530100,MSFT
2023-09-11,337.23999,338.420013,335.429993,337.940002,337.255493,16583300,MSFT
2023-09-12,335.820007,336.790009,331.480011,331.769989,331.097961,17565500,MSFT
2023-09-13,331.309998,336.850006,331.170013,336.059998,335.379303,16544400,MSFT
2023-09-14,339.149994,340.859985,336.570007,338.700012,338.013947,20267000,MSFT
2023-09-15,336.920013,337.399994,329.649994,330.220001,329.551117,37666900,MSFT
2023-09-18,327.799988,330.399994,326.359985,329.059998,328.393463,16834200,MSFT
2023-09-19,326.170013,329.390015,324.51001,328.649994,327.984283,16505900,MSFT
2023-09-20,329.51001,329.589996,320.51001,320.769989,320.12027,21436500,MSFT
2023-09-21,319.26001,325.350006,315.0,319.529999,318.882782,35529500,MSFT
2023-09-22,321.320007,321.450012,316.149994,317.01001,316.367889,21447900,MSFT
2023-09-25,316.589996,317.670013,315.0,317.540009,316.89682,17836000,MSFT
2023-09-26,315.130005,315.880005,310.019989,312.140015,311.507751,26297600,MSFT
2023-09-27,312.299988,314.299988,309.690002,312.790009,312.156433,19410100,MSFT
2023-09-28,310.98999,315.480011,309.450012,313.640015,313.00473,19683600,MSFT
2023-09-29,317.75,319.470001,314.980011,315.75,315.110443,24140300,MSFT
2023-10-02,316.279999,321.890015,315.179993,321.799988,321.148163,20570000,MSFT
2023-10-03,320.829987,321.390015,311.209991,313.390015,312.755219,21033500,MSFT
2023-10-04,314.029999,320.040009,314.0,318.959991,318.313934,20720100,MSFT
2023-10-05,319.089996,319.980011,314.899994,319.359985,318.713104,16965600,MSFT
2023-10-06,316.549988,329.190002,316.299988,327.26001,326.597137,25645500,MSFT
2023-10-09,324.75,330.299988,323.179993,329.820007,329.151947,19891200,MSFT
2023-10-10,330.959991,331.100006,327.670013,328.390015,327.724854,20557100,MSFT
2023-10-11,331.209991,332.820007,329.140015,332.420013,331.746674,20063200,MSFT
2023-10-12,330.570007,333.630005,328.720001,331.160004,330.489227,19313100,MSFT
2023-10-13,332.380005,333.829987,326.359985,327.730011,327.066193,21072400,MSFT
2023-10-16,331.049988,336.140015,330.600006,332.640015,331.966248,22158000,MSFT
2023-10-17,329.589996,333.459991,327.410004,332.059998,331.38739,18338500,MSFT
2023-10-18,332.48999,335.589996,328.299988,330.109985,329.441345,23153600,MSFT
2023-10-19,332.149994,336.880005,330.910004,331.320007,330.648895,25052100,MSFT
2023-10-20,331.720001,331.920013,325.450012,326.670013,326.008331,25012600,MSFT
2023-10-23,325.470001,332.730011,324.390015,329.320007,328.652954,24374700,MSFT
2023-10-24,331.299988,331.839996,327.600006,330.529999,329.860504,31153600,MSFT
2023-10-25,345.019989,346.200012,337.619995,340.670013,339.97998,55053800,MSFT
2023-10-26,340.540009,341.630005,326.940002,327.890015,327.225861,37828500,MSFT
2023-10-27,330.429993,336.720001,328.399994,329.809998,329.141968,29856500,MSFT
2023-10-30,333.410004,339.450012,331.829987,337.309998,336.62677,22828100,MSFT
2023-10-31,338.850006,339.0,334.690002,338.109985,337.42514,20265300,MSFT
2023-11-01,339.790009,347.420013,339.649994,346.070007,345.369019,28158800,MSFT
2023-11-02,347.23999,348.829987,344.769989,348.320007,347.614471,24348100,MSFT
2023-11-03,349.630005,354.390015,347.329987,352.799988,352.085388,23624000,MSFT
2023-11-06,353.450012,357.540009,353.350006,356.529999,355.807831,23828300,MSFT
2023-11-07,359.399994,362.459991,357.630005,360.529999,359.799744,25833900,MSFT
2023-11-08,361.679993,363.869995,360.549988,363.200012,362.464325,26767800,MSFT
2023-11-09,362.299988,364.790009,360.359985,360.690002,359.959412,24847300,MSFT
2023-11-10,361.48999,370.100006,361.070007,369.670013,368.921234,28042100,MSFT
2023-11-13,368.220001,368.470001,365.899994,366.679993,365.937256,19986500,MSFT
2023-11-14,371.01001,371.950012,367.350006,370.269989,369.519989,27683900,MSFT
2023-11-15,371.279999,373.130005,367.109985,369.670013,369.670013,26860100,MSFT
2023-11-16,370.959991,376.350006,370.179993,376.170013,376.170013,27182300,MSFT
2023-11-17,373.609985,374.369995,367.0,369.850006,369.850006,40157000,MSFT
2023-11-20,371.220001,378.869995,371.0,377.440002,377.440002,52465100,MSFT
2023-11-21,375.670013,376.220001,371.119995,373.070007,373.070007,28423100,MSFT
2023-11-22,378.0,379.790009,374.970001,377.850006,377.850006,23345300,MSFT
2023-11-24,377.329987,377.970001,375.140015,377.429993,377.429993,10176600,MSFT
2023-11-27,376.779999,380.640015,376.200012,378.609985,378.609985,22179200,MSFT
2023-11-28,378.350006,383.0,378.160004,382.700012,382.700012,20453100,MSFT
2023-11-29,383.76001,384.299988,377.440002,378.850006,378.850006,28963400,MSFT
2023-11-30,378.48999,380.089996,375.470001,378.910004,378.910004,30554400,MSFT
2023-12-01,376.76001,378.160004,371.309998,374.51001,374.51001,33020400,MSFT
2023-12-04,369.100006,369.519989,362.899994,369.140015,369.140015,32063300,MSFT
2023-12-05,366.450012,373.079987,365.619995,372.519989,372.519989,23065000,MSFT
2023-12-06,373.540009,374.179993,368.029999,368.799988,368.799988,21182100,MSFT
2023-12-07,368.230011,371.450012,366.320007,370.950012,370.950012,23118900,MSFT
2023-12-08,369.200012,374.459991,368.230011,374.230011,374.230011,20144800,MSFT
2023-12-11,368.480011,371.600006,366.100006,371.299988,371.299988,27708800,MSFT
2023-12-12,370.850006,374.420013,370.459991,374.380005,374.380005,24838300,MSFT
2023-12-13,376.019989,377.640015,370.769989,374.369995,374.369995,30955500,MSFT
2023-12-14,373.309998,373.76001,364.130005,365.929993,365.929993,43277500,MSFT
2023-12-15,366.850006,372.399994,366.279999,370.730011,370.730011,78478200,MSFT
2022-12-19,135.110001,135.199997,131.320007,132.369995,131.634216,79592600,AAPL
2022-12-20,131.389999,133.25,129.889999,132.300003,131.564621,77432800,AAPL
2022-12-21,132.979996,136.809998,132.75,135.449997,134.697113,85928000,AAPL
2022-12-22,134.350006,134.559998,130.300003,132.229996,131.494995,77852100,AAPL
2022-12-23,130.919998,132.419998,129.639999,131.860001,131.127075,63814900,AAPL
2022-12-27,131.380005,131.410004,128.720001,130.029999,129.30722,69007800,AAPL
2022-12-28,129.669998,131.029999,125.870003,126.040001,125.339409,85438400,AAPL
2022-12-29,127.989998,130.479996,127.730003,129.610001,128.889572,75703700,AAPL
2022-12-30,128.410004,129.949997,127.43,129.929993,129.207779,77034200,AAPL
2023-01-03,130.279999,130.899994,124.169998,125.07,124.374794,112117500,AAPL
2023-01-04,126.889999,128.660004,125.080002,126.360001,125.657639,89113600,AAPL
2023-01-05,127.129997,127.769997,124.760002,125.019997,124.325081,80962700,AAPL
2023-01-06,126.010002,130.289993,124.889999,129.619995,128.899506,87754700,AAPL
2023-01-09,130.470001,133.410004,129.889999,130.149994,129.426544,70790800,AAPL
2023-01-10,130.259995,131.259995,128.119995,130.729996,130.003342,63896200,AAPL
2023-01-11,131.25,133.509995,130.460007,133.490005,132.748016,69458900,AAPL
2023-01-12,133.880005,134.259995,131.440002,133.410004,132.668442,71379600,AAPL
2023-01-13,132.029999,134.919998,131.660004,134.759995,134.010941,57809700,AAPL
2023-01-17,134.830002,137.289993,134.130005,135.940002,135.184387,63646600,AAPL
2023-01-18,136.820007,138.610001,135.029999,135.210007,134.458435,69672800,AAPL
2023-01-19,134.080002,136.25,133.770004,135.270004,134.518112,58280400,AAPL
2023-01-20,135.279999,138.020004,134.220001,137.869995,137.103653,80223600,AAPL
2023-01-23,138.119995,143.320007,137.899994,141.110001,140.325638,81760300,AAPL
2023-01-24,140.309998,143.160004,140.300003,142.529999,141.737747,66435100,AAPL
2023-01-25,140.889999,142.429993,138.809998,141.860001,141.071472,65799300,AAPL
2023-01-26,143.169998,144.25,141.899994,143.960007,143.159805,54105100,AAPL
2023-01-27,143.160004,147.229996,143.080002,145.929993,145.118851,70555800,AAPL
2023-01-30,144.960007,145.550003,142.850006,143.0,142.205154,64015300,AAPL
2023-01-31,142.699997,144.339996,142.279999,144.289993,143.487961,65874500,AAPL
2023-02-01,143.970001,146.610001,141.320007,145.429993,144.621628,77663600,AAPL
2023-02-02,148.899994,151.179993,148.169998,150.820007,149.981674,118339000,AAPL
2023-02-03,148.029999,157.380005,147.830002,154.5,153.641205,154357300,AAPL
2023-02-06,152.570007,153.100006,150.779999,151.729996,150.886612,69858300,AAPL
2023-02-07,150.639999,155.229996,150.639999,154.649994,153.790375,83322600,AAPL
2023-02-08,153.880005,154.580002,151.169998,151.919998,151.075577,64120100,AAPL
2023-02-09,153.779999,154.330002,150.419998,150.869995,150.031387,56007100,AAPL
2023-02-10,149.460007,151.339996,149.220001,151.009995,150.399902,57450700,AAPL
2023-02-13,150.949997,154.259995,150.919998,153.850006,153.228439,62199000,AAPL
2023-02-14,152.119995,153.770004,150.860001,153.199997,152.581055,61707600,AAPL
2023-02-15,153.110001,155.5,152.880005,155.330002,154.702454,65573800,AAPL
2023-02-16,153.509995,156.330002,153.350006,153.710007,153.089005,68167900,AAPL
2023-02-17,152.350006,153.0,150.850006,152.550003,151.933685,59144100,AAPL
2023-02-21,150.199997,151.300003,148.410004,148.479996,147.880127,58867200,AAPL
2023-02-22,148.869995,149.949997,147.160004,148.910004,148.308395,51011300,AAPL
2023-02-23,150.089996,150.339996,147.240005,149.399994,148.796417,48394200,AAPL
2023-02-24,147.110001,147.190002,145.720001,146.710007,146.117279,55469600,AAPL
2023-02-27,147.710007,149.169998,147.449997,147.919998,147.322388,44998500,AAPL
2023-02-28,147.050003,149.080002,146.830002,147.410004,146.814453,50547000,AAPL
2023-03-01,146.830002,147.229996,145.009995,145.309998,144.722931,55479000,AAPL
2023-03-02,144.380005,146.710007,143.899994,145.910004,145.320511,52238100,AAPL
2023-03-03,148.039993,151.110001,147.330002,151.029999,150.419815,70732300,AAPL
2023-03-06,153.789993,156.300003,153.460007,153.830002,153.208511,87558000,AAPL
2023-03-07,153.699997,154.029999,151.130005,151.600006,150.987534,56182000,AAPL
2023-03-08,152.809998,153.470001,151.830002,152.869995,152.252396,47204800,AAPL
2023-03-09,153.559998,154.539993,150.229996,150.589996,149.981598,53833600,AAPL
2023-03-10,150.210007,150.940002,147.610001,148.5,147.90004,68572400,AAPL
2023-03-13,147.809998,153.139999,147.699997,150.470001,149.862076,84457100,AAPL
2023-03-14,151.279999,153.399994,150.100006,152.589996,151.973526,73695900,AAPL
2023-03-15,151.190002,153.25,149.919998,152.990005,152.371902,77167900,AAPL
2023-03-16,152.160004,156.460007,151.639999,155.850006,155.220352,76161100,AAPL
2023-03-17,156.080002,156.740005,154.279999,155.0,154.373779,98944600,AAPL
2023-03-20,155.070007,157.820007,154.149994,157.399994,156.764099,73641400,AAPL
2023-03-21,157.320007,159.399994,156.539993,159.279999,158.63649,73938300,AAPL
2023-03-22,159.300003,162.139999,157.809998,157.830002,157.192368,75701800,AAPL
2023-03-23,158.830002,161.550003,157.679993,158.929993,158.287903,67622100,AAPL
2023-03-24,158.860001,160.339996,157.850006,160.25,159.60257,59196500,AAPL
2023-03-27,159.940002,160.770004,157.869995,158.279999,157.640533,52390300,AAPL
2023-03-28,157.970001,158.490005,155.979996,157.649994,157.013077,45992200,AAPL
2023-03-29,159.369995,161.050003,159.350006,160.770004,160.120499,51305700,AAPL
2023-03-30,161.529999,162.470001,161.270004,162.360001,161.704056,49501700,AAPL
2023-03-31,162.440002,165.0,161.910004,164.899994,164.233795,68749800,AAPL
2023-04-03,164.270004,166.289993,164.220001,166.169998,165.498672,56976200,AAPL
2023-04-04,166.600006,166.839996,165.110001,165.630005,164.960846,46278300,AAPL
2023-04-05,164.740005,165.050003,161.800003,163.759995,163.098389,51511700,AAPL
2023-04-06,162.429993,164.960007,162.0,164.660004,163.994766,45390100,AAPL
2023-04-10,161.419998,162.029999,160.080002,162.029999,161.375381,47716900,AAPL
2023-04-11,162.350006,162.360001,160.509995,160.800003,160.15036,47644200,AAPL
2023-04-12,161.220001,162.059998,159.779999,160.100006,159.453186,50133100,AAPL
2023-04-13,161.630005,165.800003,161.419998,165.559998,164.891113,68445600,AAPL
2023-04-14,164.589996,166.320007,163.820007,165.210007,164.542542,49386500,AAPL
2023-04-17,165.089996,165.389999,164.029999,165.229996,164.562454,41516200,AAPL
2023-04-18,166.100006,167.410004,165.649994,166.470001,165.797455,49923000,AAPL
2023-04-19,165.800003,168.160004,165.539993,167.630005,166.952774,47720200,AAPL
2023-04-20,166.089996,167.869995,165.559998,166.649994,165.9767,52456400,AAPL
2023-04-21,165.050003,166.449997,164.490005,165.020004,164.353317,58337300,AAPL
2023-04-24,165.0,165.600006,163.889999,165.330002,164.662064,41949600,AAPL
2023-04-25,165.190002,166.309998,163.729996,163.770004,163.108353,48714100,AAPL
2023-04-26,163.059998,165.279999,162.800003,163.759995,163.098389,45498800,AAPL
2023-04-27,165.190002,168.559998,165.190002,168.410004,167.729614,64902300,AAPL
2023-04-28,168.490005,169.850006,167.880005,169.679993,168.994461,55209200,AAPL
2023-05-01,169.279999,170.449997,168.639999,169.589996,168.904831,52472900,AAPL
2023-05-02,170.089996,170.350006,167.539993,168.539993,167.85907,48425700,AAPL
2023-05-03,169.5,170.919998,167.160004,167.449997,166.773483,65136000,AAPL
2023-05-04,164.889999,167.039993,164.309998,165.789993,165.120178,81235400,AAPL
2023-05-05,170.979996,174.300003,170.759995,173.570007,172.868759,113316400,AAPL
2023-05-08,172.479996,173.850006,172.110001,173.5,172.799042,55962800,AAPL
2023-05-09,173.050003,173.539993,171.600006,171.770004,171.076035,45326900,AAPL
2023-05-10,173.020004,174.029999,171.899994,173.559998,172.858795,53724500,AAPL
2023-05-11,173.850006,174.589996,172.169998,173.75,173.04805,49514700,AAPL
2023-05-12,173.619995,174.059998,171.0,172.570007,172.11055,45497800,AAPL
2023-05-15,173.160004,173.210007,171.470001,172.070007,171.611877,37266700,AAPL
2023-05-16,171.990005,173.139999,171.800003,172.070007,171.611877,42110300,AAPL
2023-05-17,171.710007,172.929993,170.419998,172.690002,172.230225,57951600,AAPL
2023-05-18,173.0,175.240005,172.580002,175.050003,174.583939,65496700,AAPL
2023-05-19,176.389999,176.389999,174.940002,175.160004,174.693649,55772400,AAPL
2023-05-22,173.979996,174.710007,173.449997,174.199997,173.736191,43570900,AAPL
2023-05-23,173.130005,173.380005,171.279999,171.559998,171.103226,50747300,AAPL
2023-05-24,171.089996,172.419998,170.520004,171.839996,171.382477,45143500,AAPL
2023-05-25,172.410004,173.899994,171.690002,172.990005,172.529419,56058300,AAPL
2023-05-26,173.320007,175.770004,173.110001,175.429993,174.962906,54835000,AAPL
2023-05-30,176.960007,178.990005,176.570007,177.300003,176.827942,55964400,AAPL
2023-05-31,177.330002,179.350006,176.759995,177.25,176.778061,99625300,AAPL
2023-06-01,177.699997,180.119995,176.929993,180.089996,179.610504,68901800,AAPL
2023-06-02,181.029999,181.779999,179.259995,180.949997,180.468216,61945900,AAPL
2023-06-05,182.630005,184.949997,178.039993,179.580002,179.101868,121946500,AAPL
2023-06-06,179.970001,180.119995,177.429993,179.210007,178.732849,64848400,AAPL
2023-06-07,178.440002,181.210007,177.320007,177.820007,177.346558,61944600,AAPL
2023-06-08,177.899994,180.839996,177.460007,180.570007,180.089233,50214900,AAPL
2023-06-09,181.5,182.229996,180.630005,180.960007,180.478195,48870700,AAPL
2023-06-12,181.270004,183.889999,180.970001,183.789993,183.300644,54274900,AAPL
2023-06-13,182.800003,184.149994,182.440002,183.309998,182.821945,54929100,AAPL
2023-06-14,183.369995,184.389999,182.020004,183.949997,183.460236,57462900,AAPL
2023-06-15,183.960007,186.520004,183.779999,186.009995,185.51474,65433200,AAPL
2023-06-16,186.729996,186.990005,184.270004,184.919998,184.427643,101235600,AAPL
2023-06-20,184.410004,186.100006,184.410004,185.009995,184.51741,49799100,AAPL
2023-06-21,184.899994,185.410004,182.589996,183.960007,183.470215,49515700,AAPL
2023-06-22,183.740005,187.050003,183.669998,187.0,186.502121,51245300,AAPL
2023-06-23,185.550003,187.559998,185.009995,186.679993,186.182953,53079300,AAPL
2023-06-26,186.830002,188.050003,185.229996,185.270004,184.776733,48088700,AAPL
2023-06-27,185.889999,188.389999,185.669998,188.059998,187.55928,50730800,AAPL
2023-06-28,187.929993,189.899994,187.600006,189.25,188.746124,51216800,AAPL
2023-06-29,189.080002,190.070007,188.940002,189.589996,189.085205,46347300,AAPL
2023-06-30,191.630005,194.479996,191.259995,193.970001,193.453568,85069600,AAPL
2023-07-03,193.779999,193.880005,191.759995,192.460007,191.947586,31458200,AAPL
2023-07-05,191.570007,192.979996,190.619995,191.330002,190.820587,46920300,AAPL
2023-07-06,189.839996,192.020004,189.199997,191.809998,191.299301,45094300,AAPL
2023-07-07,191.410004,192.669998,190.240005,190.679993,190.172302,46778000,AAPL
2023-07-10,189.259995,189.990005,187.039993,188.610001,188.107834,59922200,AAPL
2023-07-11,189.160004,189.300003,186.600006,188.080002,187.579254,46638100,AAPL
2023-07-12,189.679993,191.699997,188.470001,189.770004,189.26474,60750200,AAPL
2023-07-13,190.5,191.190002,189.779999,190.539993,190.032669,41342300,AAPL
2023-07-14,190.229996,191.179993,189.630005,190.690002,190.182281,41573900,AAPL
2023-07-17,191.899994,194.320007,191.809998,193.990005,193.473511,50520200,AAPL
2023-07-18,193.350006,194.330002,192.419998,193.729996,193.214188,48353800,AAPL
2023-07-19,193.100006,198.229996,192.649994,195.100006,194.580551,80507300,AAPL
2023-07-20,195.089996,196.470001,192.5,193.130005,192.615799,59581200,AAPL
2023-07-21,194.100006,194.970001,191.229996,191.940002,191.42897,71917800,AAPL
2023-07-24,193.410004,194.910004,192.25,192.75,192.236801,45377800,AAPL
2023-07-25,193.330002,194.440002,192.919998,193.619995,193.104492,37283200,AAPL
2023-07-26,193.669998,195.639999,193.320007,194.5,193.982147,47471900,AAPL
2023-07-27,196.020004,197.199997,192.550003,193.220001,192.705551,47460200,AAPL
2023-07-28,194.669998,196.630005,194.139999,195.830002,195.308609,48291400,AAPL
2023-07-31,196.059998,196.490005,195.259995,196.449997,195.926956,38824100,AAPL
2023-08-01,196.240005,196.729996,195.279999,195.610001,195.089188,35175100,AAPL
2023-08-02,195.039993,195.179993,191.850006,192.580002,192.067245,50389300,AAPL
2023-08-03,191.570007,192.369995,190.690002,191.169998,190.661011,61235200,AAPL
2023-08-04,185.520004,187.380005,181.919998,181.990005,181.505463,115799700,AAPL
2023-08-07,182.130005,183.130005,177.350006,178.850006,178.37381,97576100,AAPL
2023-08-08,179.690002,180.270004,177.580002,179.800003,179.321274,67823000,AAPL
2023-08-09,180.869995,180.929993,177.009995,178.190002,177.715561,60378500,AAPL
2023-08-10,179.479996,180.75,177.600006,177.970001,177.496155,54686900,AAPL
2023-08-11,177.320007,178.619995,176.550003,177.789993,177.556076,51988100,AAPL
2023-08-14,177.970001,179.690002,177.309998,179.460007,179.223892,43675600,AAPL
2023-08-15,178.880005,179.479996,177.050003,177.449997,177.216522,43622600,AAPL
2023-08-16,177.130005,178.539993,176.5,176.570007,176.337692,46964900,AAPL
2023-08-17,177.139999,177.509995,173.479996,174.0,173.771072,66062900,AAPL
2023-08-18,172.300003,175.100006,171.960007,174.490005,174.260422,61114200,AAPL
2023-08-21,175.070007,176.130005,173.740005,175.839996,175.608643,46311900,AAPL
2023-08-22,177.059998,177.679993,176.25,177.229996,176.996811,42084200,AAPL
2023-08-23,178.520004,181.550003,178.330002,181.119995,180.881699,52722800,AAPL
2023-08-24,180.669998,181.100006,176.009995,176.380005,176.147934,54945800,AAPL
2023-08-25,177.380005,179.149994,175.820007,178.610001,178.375,51449600,AAPL
2023-08-28,180.089996,180.589996,178.550003,180.190002,179.952927,43820700,AAPL
2023-08-29,179.699997,184.899994,179.5,184.119995,183.877747,53003900,AAPL
2023-08-30,184.940002,187.850006,184.740005,187.649994,187.403107,60813900,AAPL
2023-08-31,187.839996,189.119995,187.479996,187.869995,187.622818,60794500,AAPL
2023-09-01,189.490005,189.919998,188.279999,189.460007,189.210739,45732600,AAPL
2023-09-05,188.279999,189.979996,187.610001,189.699997,189.450409,45280000,AAPL
2023-09-06,188.399994,188.850006,181.470001,182.910004,182.669342,81755800,AAPL
2023-09-07,175.179993,178.210007,173.539993,177.559998,177.326385,112488800,AAPL
2023-09-08,178.350006,180.240005,177.789993,178.179993,177.945557,65551300,AAPL
2023-09-11,180.070007,180.300003,177.339996,179.360001,179.124008,58953100,AAPL
2023-09-12,179.490005,180.130005,174.820007,176.300003,176.068039,90370200,AAPL
2023-09-13,176.509995,177.300003,173.979996,174.210007,173.980789,84267900,AAPL
2023-09-14,174.0,176.100006,173.580002,175.740005,175.508789,60895800,AAPL
2023-09-15,176.479996,176.5,173.820007,175.009995,174.779724,109205100,AAPL
2023-09-18,176.479996,179.380005,176.169998,177.970001,177.73584,67257600,AAPL
2023-09-19,177.520004,179.630005,177.130005,179.070007,178.834396,51826900,AAPL
2023-09-20,179.259995,179.699997,175.399994,175.490005,175.259109,58436200,AAPL
2023-09-21,174.550003,176.300003,173.860001,173.929993,173.701157,63047900,AAPL
2023-09-22,174.669998,177.080002,174.050003,174.789993,174.560013,56725400,AAPL
2023-09-25,174.199997,176.970001,174.149994,176.080002,175.848328,46172700,AAPL
2023-09-26,174.820007,175.199997,171.660004,171.960007,171.733749,64588900,AAPL
2023-09-27,172.619995,173.039993,169.050003,170.429993,170.20575,66921800,AAPL
2023-09-28,169.339996,172.029999,167.619995,170.690002,170.465424,56294400,AAPL
2023-09-29,172.020004,173.070007,170.339996,171.210007,170.984741,51814200,AAPL
2023-10-02,171.220001,174.300003,170.929993,173.75,173.521393,52164500,AAPL
2023-10-03,172.259995,173.630005,170.820007,172.399994,172.173172,49594600,AAPL
2023-10-04,171.089996,174.210007,170.970001,173.660004,173.431519,53020300,AAPL
2023-10-05,173.789993,175.449997,172.679993,174.910004,174.679871,48527900,AAPL
2023-10-06,173.800003,177.990005,173.179993,177.490005,177.256485,57224100,AAPL
2023-10-09,176.809998,179.050003,175.800003,178.990005,178.754501,42390800,AAPL
2023-10-10,178.100006,179.720001,177.949997,178.389999,178.155289,43698000,AAPL
2023-10-11,178.199997,179.850006,177.600006,179.800003,179.563431,47551100,AAPL
2023-10-12,180.070007,182.339996,179.039993,180.710007,180.472244,56743100,AAPL
2023-10-13,181.419998,181.929993,178.139999,178.850006,178.614685,51427100,AAPL
2023-10-16,176.75,179.080002,176.509995,178.720001,178.484863,52517000,AAPL
2023-10-17,176.649994,178.419998,174.800003,177.149994,176.916916,57549400,AAPL
2023-10-18,175.580002,177.580002,175.110001,175.839996,175.608643,54764400,AAPL
2023-10-19,176.039993,177.839996,175.190002,175.460007,175.229156,59302900,AAPL
2023-10-20,175.309998,175.419998,172.639999,172.880005,172.652542,64189300,AAPL
2023-10-23,170.910004,174.009995,169.929993,173.0,172.772385,55980100,AAPL
2023-10-24,173.050003,173.669998,171.449997,173.440002,173.211807,43816600,AAPL
2023-10-25,171.880005,173.059998,170.649994,171.100006,170.874893,57157000,AAPL
2023-10-26,170.369995,171.380005,165.669998,166.889999,166.670425,70625300,AAPL
2023-10-27,166.910004,168.960007,166.830002,168.220001,167.998672,58499100,AAPL
2023-10-30,169.020004,171.169998,168.869995,170.289993,170.065933,51131000,AAPL
2023-10-31,169.350006,170.899994,167.899994,170.770004,170.545319,44846000,AAPL
2023-11-01,171.0,174.229996,170.119995,173.970001,173.741104,56934900,AAPL
2023-11-02,175.520004,177.779999,175.460007,177.570007,177.33638,77334800,AAPL
2023-11-03,174.240005,176.820007,173.350006,176.649994,176.417572,79763700,AAPL
2023-11-06,176.380005,179.429993,176.210007,179.229996,178.994186,63841300,AAPL
2023-11-07,179.179993,182.440002,178.970001,181.820007,181.58078,70530000,AAPL
2023-11-08,182.350006,183.449997,181.589996,182.889999,182.649368,49340300,AAPL
2023-11-09,182.960007,184.119995,181.809998,182.410004,182.169998,53763500,AAPL
2023-11-10,183.970001,186.570007,183.529999,186.399994,186.399994,66133400,AAPL
2023-11-13,185.820007,186.029999,184.210007,184.800003,184.800003,43627500,AAPL
2023-11-14,187.699997,188.110001,186.300003,187.440002,187.440002,60108400,AAPL
2023-11-15,187.850006,189.5,187.779999,188.009995,188.009995,53790500,AAPL
2023-11-16,189.570007,190.960007,188.649994,189.710007,189.710007,54412900,AAPL
2023-11-17,190.25,190.380005,188.570007,189.690002,189.690002,50922700,AAPL
2023-11-20,189.889999,191.910004,189.880005,191.449997,191.449997,46505100,AAPL
2023-11-21,191.410004,191.520004,189.740005,190.639999,190.639999,38134500,AAPL
2023-11-22,191.490005,192.929993,190.830002,191.309998,191.309998,39617700,AAPL
2023-11-24,190.869995,190.899994,189.25,189.970001,189.970001,24048300,AAPL
2023-11-27,189.919998,190.669998,188.899994,189.789993,189.789993,40552600,AAPL
2023-11-28,189.779999,191.080002,189.399994,190.399994,190.399994,38415400,AAPL
2023-11-29,190.899994,192.089996,188.970001,189.369995,189.369995,43014200,AAPL
2023-11-30,189.839996,190.320007,188.190002,189.949997,189.949997,48794400,AAPL
2023-12-01,190.330002,191.559998,189.229996,191.240005,191.240005,45679300,AAPL
2023-12-04,189.979996,190.050003,187.449997,189.429993,189.429993,43389500,AAPL
2023-12-05,190.210007,194.399994,190.179993,193.419998,193.419998,66628400,AAPL
2023-12-06,194.449997,194.759995,192.110001,192.320007,192.320007,41089700,AAPL
2023-12-07,193.630005,195.0,193.589996,194.270004,194.270004,47477700,AAPL
2023-12-08,194.199997,195.990005,193.669998,195.710007,195.710007,53377300,AAPL
2023-12-11,193.110001,193.490005,191.419998,193.179993,193.179993,60943700,AAPL
2023-12-12,193.080002,194.720001,191.720001,194.710007,194.710007,52696900,AAPL
2023-12-13,195.089996,198.0,194.850006,197.960007,197.960007,70404200,AAPL
2023-12-14,198.020004,199.619995,196.160004,198.110001,198.110001,66831600,AAPL
2023-12-15,197.529999,198.399994,197.0,197.570007,197.570007,128256700,AAPL
2022-12-19,90.260002,90.559998,88.209999,88.440002,88.440002,29493000,GOOGL
2022-12-20,88.110001,89.18,87.440002,89.019997,89.019997,23453800,GOOGL
2022-12-21,89.080002,90.220001,88.32,89.580002,89.580002,24745600,GOOGL
2022-12-22,88.160004,88.540001,86.32,87.760002,87.760002,27658300,GOOGL
2022-12-23,87.110001,89.550003,87.07,89.230003,89.230003,23003000,GOOGL
2022-12-27,88.800003,88.940002,87.010002,87.389999,87.389999,20097300,GOOGL
2022-12-28,86.980003,88.040001,85.940002,86.019997,86.019997,19523200,GOOGL
2022-12-29,86.620003,88.849998,86.610001,88.449997,88.449997,23333500,GOOGL
2022-12-30,86.980003,88.300003,86.57,88.230003,88.230003,23986300,GOOGL
2023-01-03,89.589996,91.050003,88.519997,89.120003,89.120003,28131200,GOOGL
2023-01-04,90.349998,90.650002,87.269997,88.080002,88.080002,34854800,GOOGL
2023-01-05,87.470001,87.57,85.900002,86.199997,86.199997,27194400,GOOGL
2023-01-06,86.790001,87.690002,84.860001,87.339996,87.339996,41381500,GOOGL
2023-01-09,88.360001,90.050003,87.860001,88.019997,88.019997,29003900,GOOGL
2023-01-10,85.980003,88.669998,85.830002,88.419998,88.419998,30467800,GOOGL
2023-01-11,89.18,91.599998,89.010002,91.519997,91.519997,26862000,GOOGL
2023-01-12,91.480003,91.870003,89.75,91.129997,91.129997,30258100,GOOGL
2023-01-13,90.849998,92.190002,90.129997,92.120003,92.120003,26329200,GOOGL
2023-01-17,92.059998,92.25,90.050003,91.290001,91.290001,32602400,GOOGL
2023-01-18,92.139999,92.800003,90.639999,91.120003,91.120003,29116700,GOOGL
2023-01-19,90.720001,93.610001,90.629997,93.050003,93.050003,37000400,GOOGL
2023-01-20,95.099998,98.300003,95.019997,98.019997,98.019997,63191100,GOOGL
2023-01-23,97.949997,100.040001,97.5,99.790001,99.790001,40005100,GOOGL
2023-01-24,98.099998,99.610001,97.199997,97.699997,97.699997,33078500,GOOGL
2023-01-25,95.57,96.160004,93.760002,95.220001,95.220001,42330000,GOOGL
2023-01-26,96.5,97.57,95.379997,97.519997,97.519997,30114000,GOOGL
2023-01-27,97.309998,100.32,97.309998,99.370003,99.370003,33879800,GOOGL
2023-01-30,97.480003,98.290001,96.400002,96.940002,96.940002,27226200,GOOGL
2023-01-31,96.870003,98.879997,96.82,98.839996,98.839996,29870700,GOOGL
2023-02-01,98.709999,101.190002,97.580002,100.43,100.43,35531100,GOOGL
2023-02-02,105.800003,107.849998,105.610001,107.739998,107.739998,69883800,GOOGL
2023-02-03,102.93,107.809998,102.580002,104.779999,104.779999,65309300,GOOGL
2023-02-06,102.400002,104.360001,101.879997,102.900002,102.900002,31999600,GOOGL
2023-02-07,103.220001,108.18,103.120003,107.639999,107.639999,49010200,GOOGL
2023-02-08,102.050003,103.139999,98.040001,99.370003,99.370003,94743500,GOOGL
2023-02-09,100.0,100.029999,93.629997,95.010002,95.010002,119455000,GOOGL
2023-02-10,95.449997,96.75,94.25,94.57,94.57,54980700,GOOGL
2023-02-13,94.739998,95.199997,93.839996,94.610001,94.610001,50076100,GOOGL
2023-02-14,94.43,94.849998,92.260002,94.68,94.68,54726100,GOOGL
2023-02-15,94.489998,97.120003,94.150002,96.940002,96.940002,50169000,GOOGL
2023-02-16,95.370003,97.68,94.739998,95.510002,95.510002,42462600,GOOGL
2023-02-17,94.849998,95.559998,93.209999,94.349998,94.349998,34284100,GOOGL
2023-02-21,93.0,93.099998,91.720001,91.790001,91.790001,33629300,GOOGL
2023-02-22,91.699997,92.110001,90.610001,91.650002,91.650002,30884000,GOOGL
2023-02-23,91.919998,91.940002,89.760002,90.889999,90.889999,41206400,GOOGL
2023-02-24,89.440002,89.889999,88.580002,89.129997,89.129997,36585100,GOOGL
2023-02-27,89.870003,90.160004,89.339996,89.870003,89.870003,27502300,GOOGL
2023-02-28,89.330002,91.230003,89.32,90.059998,90.059998,30142000,GOOGL
2023-03-01,89.980003,91.029999,89.669998,90.360001,90.360001,31111200,GOOGL
2023-03-02,89.660004,92.279999,89.589996,92.0,92.0,32204400,GOOGL
2023-03-03,92.480003,93.730003,92.449997,93.650002,93.650002,35160100,GOOGL
2023-03-06,94.019997,95.970001,94.0,95.129997,95.129997,32639300,GOOGL
2023-03-07,94.980003,95.669998,93.529999,93.860001,93.860001,27835500,GOOGL
2023-03-08,94.120003,95.959999,94.0,94.25,94.25,34103300,GOOGL
2023-03-09,94.050003,95.529999,91.900002,92.32,92.32,28813500,GOOGL
2023-03-10,92.169998,92.790001,90.400002,90.629997,90.629997,35941000,GOOGL
2023-03-13,90.089996,92.57,89.419998,91.110001,91.110001,37335600,GOOGL
2023-03-14,92.559998,94.360001,92.440002,93.970001,93.970001,36050200,GOOGL
2023-03-15,93.220001,96.93,92.639999,96.110001,96.110001,50622100,GOOGL
2023-03-16,96.199997,101.190002,95.5,100.32,100.32,65492000,GOOGL
2023-03-17,100.260002,102.839996,100.099998,101.620003,101.620003,61028500,GOOGL
2023-03-20,100.120003,101.75,99.870003,101.220001,101.220001,32960400,GOOGL
2023-03-21,101.25,105.099998,101.220001,104.919998,104.919998,42110300,GOOGL
2023-03-22,104.269997,106.589996,103.330002,103.370003,103.370003,43427400,GOOGL
2023-03-23,105.059998,106.300003,104.459999,105.599998,105.599998,40797800,GOOGL
2023-03-24,104.989998,105.489998,103.839996,105.440002,105.440002,30393300,GOOGL
2023-03-27,104.620003,104.760002,101.93,102.459999,102.459999,31120900,GOOGL
2023-03-28,102.440002,102.449997,99.739998,101.029999,101.029999,32057900,GOOGL
2023-03-29,102.279999,102.489998,100.650002,101.389999,101.389999,28779600,GOOGL
2023-03-30,100.910004,101.160004,99.779999,100.889999,100.889999,33086200,GOOGL
2023-03-31,101.300003,103.889999,101.040001,103.730003,103.730003,36863400,GOOGL
2023-04-03,102.389999,104.529999,101.93,104.360001,104.360001,25035400,GOOGL
2023-04-04,104.330002,105.580002,104.040001,104.720001,104.720001,24420100,GOOGL
2023-04-05,105.779999,106.099998,103.660004,104.470001,104.470001,28290500,GOOGL
2023-04-06,105.260002,109.169998,104.330002,108.419998,108.419998,48711500,GOOGL
2023-04-10,106.980003,107.589996,105.120003,106.440002,106.440002,27067400,GOOGL
2023-04-11,106.550003,106.730003,104.68,105.349998,105.349998,26311800,GOOGL
2023-04-12,106.580002,106.75,104.339996,104.639999,104.639999,24370300,GOOGL
2023-04-13,105.839996,107.489998,105.839996,107.43,107.43,24843600,GOOGL
2023-04-14,106.889999,108.940002,106.839996,108.870003,108.870003,26578000,GOOGL
2023-04-17,104.660004,106.160004,104.519997,105.970001,105.970001,37571200,GOOGL
2023-04-18,106.489998,106.540001,104.07,104.5,104.5,26596400,GOOGL
2023-04-19,103.580002,104.980003,103.07,104.18,104.18,20905700,GOOGL
2023-04-20,103.910004,106.25,103.870003,105.290001,105.290001,27820800,GOOGL
2023-04-21,105.470001,106.0,104.779999,105.410004,105.410004,25800100,GOOGL
2023-04-24,105.489998,106.629997,104.699997,105.970001,105.970001,23542800,GOOGL
2023-04-25,105.830002,106.690002,103.839996,103.849998,103.849998,46664100,GOOGL
2023-04-26,104.919998,106.349998,102.629997,103.709999,103.709999,53347600,GOOGL
2023-04-27,104.449997,108.370003,103.540001,107.589996,107.589996,50089200,GOOGL
2023-04-28,107.040001,107.349998,105.089996,107.339996,107.339996,36139800,GOOGL
2023-05-01,106.839996,107.989998,106.82,107.199997,107.199997,26681700,GOOGL
2023-05-02,107.139999,107.199997,103.709999,105.32,105.32,30997200,GOOGL
2023-05-03,105.529999,107.489998,104.959999,105.410004,105.410004,21795400,GOOGL
2023-05-04,105.489998,105.599998,103.970001,104.690002,104.690002,23419500,GOOGL
2023-05-05,104.82,105.879997,104.110001,105.57,105.57,26625100,GOOGL
2023-05-08,105.18,107.959999,105.160004,107.769997,107.769997,26511400,GOOGL
2023-05-09,108.389999,110.150002,107.190002,107.349998,107.349998,36360100,GOOGL
2023-05-10,107.970001,112.940002,107.93,111.75,111.75,63153400,GOOGL
2023-05-11,115.400002,117.919998,114.410004,116.57,116.57,78900000,GOOGL
2023-05-12,116.68,118.029999,116.110001,117.510002,117.510002,41073800,GOOGL
2023-05-15,116.110001,118.480003,116.010002,116.510002,116.510002,36266800,GOOGL
2023-05-16,116.489998,120.75,116.43,119.510002,119.510002,45035600,GOOGL
2023-05-17,119.610001,121.669998,118.889999,120.839996,120.839996,33323600,GOOGL
2023-05-18,120.949997,123.309998,120.830002,122.830002,122.830002,35234200,GOOGL
2023-05-19,123.550003,125.970001,122.150002,122.760002,122.760002,41330300,GOOGL
2023-05-22,122.940002,126.43,122.739998,125.050003,125.050003,35253000,GOOGL
2023-05-23,124.160004,124.629997,122.209999,122.559998,122.559998,34046300,GOOGL
2023-05-24,121.120003,121.910004,119.860001,120.900002,120.900002,34182600,GOOGL
2023-05-25,124.519997,125.32,121.959999,123.480003,123.480003,42317000,GOOGL
2023-05-26,123.169998,125.260002,122.449997,124.610001,124.610001,35635900,GOOGL
2023-05-30,125.639999,125.660004,122.0,123.669998,123.669998,35076700,GOOGL
2023-05-31,122.75,124.059998,122.5,122.870003,122.870003,37325800,GOOGL
2023-06-01,122.82,124.419998,122.620003,123.720001,123.720001,30772700,GOOGL
2023-06-02,123.989998,126.150002,123.760002,124.669998,124.669998,26963100,GOOGL
2023-06-05,124.010002,127.43,123.839996,126.010002,126.010002,32305500,GOOGL
2023-06-06,126.010002,128.289993,125.360001,127.309998,127.309998,26638300,GOOGL
2023-06-07,126.970001,129.039993,122.120003,122.5,122.5,52539000,GOOGL
2023-06-08,122.230003,123.230003,121.239998,122.139999,122.139999,29389200,GOOGL
2023-06-09,122.25,123.760002,121.910004,122.230003,122.230003,23762500,GOOGL
2023-06-12,122.790001,124.050003,121.660004,123.639999,123.639999,28306400,GOOGL
2023-06-13,124.980003,125.160004,123.18,123.830002,123.830002,22278300,GOOGL
2023-06-14,123.099998,124.050003,121.449997,123.669998,123.669998,30592300,GOOGL
2023-06-15,123.139999,125.459999,122.400002,125.089996,125.089996,35246300,GOOGL
2023-06-16,125.93,126.110001,123.279999,123.529999,123.529999,45514000,GOOGL
2023-06-20,122.93,124.57,122.139999,123.099998,123.099998,26097500,GOOGL
2023-06-21,122.400002,122.660004,120.099998,120.550003,120.550003,30306300,GOOGL
2023-06-22,120.0,123.239998,118.830002,123.150002,123.150002,26952200,GOOGL
2023-06-23,121.379997,122.790001,121.059998,122.339996,122.339996,34885300,GOOGL
2023-06-26,120.760002,122.0,118.269997,118.339996,118.339996,33969900,GOOGL
2023-06-27,117.080002,119.080002,116.099998,118.330002,118.330002,39535900,GOOGL
2023-06-28,117.089996,120.389999,116.849998,120.18,120.18,27091400,GOOGL
2023-06-29,119.239998,120.059998,118.300003,119.099998,119.099998,24090900,GOOGL
2023-06-30,120.169998,121.080002,119.690002,119.699997,119.699997,29519700,GOOGL
2023-07-03,119.239998,120.190002,118.82,119.900002,119.900002,14467900,GOOGL
2023-07-05,119.239998,122.610001,119.230003,121.75,121.75,27584800,GOOGL
2023-07-06,119.800003,120.300003,118.400002,120.110001,120.110001,24745200,GOOGL
2023-07-07,120.099998,121.050003,119.400002,119.480003,119.480003,21692600,GOOGL
2023-07-10,118.300003,118.309998,116.139999,116.449997,116.449997,35315200,GOOGL
2023-07-11,116.290001,117.709999,115.349998,117.139999,117.139999,23078800,GOOGL
2023-07-12,118.800003,120.330002,118.410004,118.93,118.93,30404400,GOOGL
2023-07-13,120.93,124.830002,120.449997,124.540001,124.540001,44297900,GOOGL
2023-07-14,124.800003,126.779999,123.489998,125.419998,125.419998,33266800,GOOGL
2023-07-17,125.940002,127.099998,124.199997,124.650002,124.650002,25716200,GOOGL
2023-07-18,124.599998,124.68,122.959999,123.760002,123.760002,26226400,GOOGL
2023-07-19,124.599998,125.18,121.800003,122.029999,122.029999,37224000,GOOGL
2023-07-20,121.419998,124.089996,118.220001,119.199997,119.199997,37906800,GOOGL
2023-07-21,120.620003,120.989998,118.730003,120.019997,120.019997,72937900,GOOGL
2023-07-24,121.660004,123.0,120.980003,121.529999,121.529999,29686100,GOOGL
2023-07-25,121.360001,123.150002,121.019997,122.209999,122.209999,52509600,GOOGL
2023-07-26,130.070007,130.979996,128.320007,129.270004,129.270004,61682100,GOOGL
2023-07-27,131.669998,133.240005,128.789993,129.399994,129.399994,44952100,GOOGL
2023-07-28,130.779999,133.740005,130.570007,132.580002,132.580002,36591200,GOOGL
2023-07-31,132.729996,133.529999,131.779999,132.720001,132.720001,28055500,GOOGL
2023-08-01,130.779999,132.630005,130.679993,131.550003,131.550003,23166800,GOOGL
2023-08-02,129.449997,130.089996,127.559998,128.380005,128.380005,26273300,GOOGL
2023-08-03,127.970001,129.389999,127.419998,128.449997,128.449997,20089500,GOOGL
2023-08-04,129.279999,131.509995,127.910004,128.110001,128.110001,26130000,GOOGL
2023-08-07,129.160004,131.610001,129.020004,131.529999,131.529999,22746300,GOOGL
2023-08-08,130.619995,131.509995,129.539993,131.399994,131.399994,23535200,GOOGL
2023-08-09,131.660004,132.039993,129.0,129.660004,129.660004,24912900,GOOGL
2023-08-10,131.320007,132.050003,129.449997,129.690002,129.690002,20857800,GOOGL
2023-08-11,128.660004,129.929993,128.169998,129.559998,129.559998,19569200,GOOGL
2023-08-14,129.389999,131.369995,128.960007,131.330002,131.330002,24695600,GOOGL
2023-08-15,131.100006,131.419998,129.279999,129.779999,129.779999,19770700,GOOGL
2023-08-16,128.699997,130.279999,127.870003,128.699997,128.699997,25216100,GOOGL
2023-08-17,129.800003,131.990005,129.289993,129.919998,129.919998,33446300,GOOGL
2023-08-18,128.509995,129.25,126.379997,127.459999,127.459999,30491300,GOOGL
2023-08-21,127.18,128.729996,126.559998,128.369995,128.369995,25248700,GOOGL
2023-08-22,128.509995,130.279999,128.320007,129.080002,129.080002,22067500,GOOGL
2023-08-23,130.179993,133.410004,129.869995,132.369995,132.369995,27819700,GOOGL
2023-08-24,133.949997,134.25,129.570007,129.779999,129.779999,28500700,GOOGL
2023-08-25,129.539993,130.759995,127.25,129.880005,129.880005,26762900,GOOGL
2023-08-28,131.309998,132.539993,130.139999,131.009995,131.009995,20543300,GOOGL
2023-08-29,132.240005,136.570007,132.240005,134.570007,134.570007,43075600,GOOGL
2023-08-30,134.779999,136.279999,134.070007,135.880005,135.880005,28315800,GOOGL
2023-08-31,136.009995,138.0,135.789993,136.169998,136.169998,30053800,GOOGL
2023-09-01,137.460007,137.460007,134.850006,135.660004,135.660004,21524600,GOOGL
2023-09-05,135.440002,136.419998,134.580002,135.770004,135.770004,19403100,GOOGL
2023-09-06,136.020004,136.529999,133.669998,134.460007,134.460007,18684500,GOOGL
2023-09-07,133.589996,135.580002,132.949997,135.259995,135.259995,18844300,GOOGL
2023-09-08,134.910004,136.660004,134.850006,136.380005,136.380005,23558300,GOOGL
2023-09-11,136.539993,137.479996,135.789993,136.919998,136.919998,20763400,GOOGL
2023-09-12,136.259995,136.869995,135.190002,135.339996,135.339996,18405500,GOOGL
2023-09-13,135.089996,136.899994,134.149994,136.710007,136.710007,20749500,GOOGL
2023-09-14,137.600006,138.699997,136.240005,138.100006,138.100006,24751000,GOOGL
2023-09-15,137.979996,138.520004,136.479996,137.399994,137.399994,38908400,GOOGL
2023-09-18,136.610001,139.160004,136.610001,138.210007,138.210007,21861300,GOOGL
2023-09-19,137.419998,138.410004,136.619995,138.039993,138.039993,20353700,GOOGL
2023-09-20,138.080002,138.080002,133.619995,133.740005,133.740005,29927500,GOOGL
2023-09-21,131.440002,132.229996,130.070007,130.440002,130.440002,31488700,GOOGL
2023-09-22,130.759995,132.029999,129.600006,130.25,130.25,26397300,GOOGL
2023-09-25,129.830002,131.169998,128.960007,131.110001,131.110001,20094600,GOOGL
2023-09-26,129.770004,130.360001,127.220001,128.570007,128.570007,25718700,GOOGL
2023-09-27,128.570007,130.899994,128.570007,130.539993,130.539993,22746500,GOOGL
2023-09-28,129.839996,133.300003,129.789993,132.309998,132.309998,22513100,GOOGL
2023-09-29,133.279999,134.050003,130.360001,130.860001,130.860001,30848100,GOOGL
2023-10-02,131.210007,134.419998,131.169998,134.169998,134.169998,22288000,GOOGL
2023-10-03,133.940002,134.259995,131.839996,132.429993,132.429993,22989400,GOOGL
2023-10-04,132.789993,135.570007,132.529999,135.240005,135.240005,26752300,GOOGL
2023-10-05,135.070007,135.490005,133.449997,135.070007,135.070007,19832600,GOOGL
2023-10-06,134.009995,138.160004,134.009995,137.580002,137.580002,27583200,GOOGL
2023-10-09,136.940002,138.940002,135.610001,138.419998,138.419998,19278100,GOOGL
2023-10-10,138.5,139.720001,137.330002,138.059998,138.059998,27786600,GOOGL
2023-10-11,138.580002,141.110001,138.580002,140.550003,140.550003,25884300,GOOGL
2023-10-12,141.050003,141.220001,138.259995,138.970001,138.970001,24765500,GOOGL
2023-10-13,139.380005,140.0,136.619995,137.360001,137.360001,23420500,GOOGL
2023-10-16,138.169998,139.630005,137.990005,139.100006,139.100006,28501900,GOOGL
2023-10-17,138.630005,139.899994,137.179993,139.720001,139.720001,23515800,GOOGL
2023-10-18,139.449997,140.720001,137.380005,137.960007,137.960007,23375000,GOOGL
2023-10-19,138.5,139.660004,137.380005,137.75,137.75,26066000,GOOGL
2023-10-20,137.330002,137.869995,135.080002,135.600006,135.600006,26315200,GOOGL
2023-10-23,135.039993,137.660004,133.949997,136.5,136.5,26317900,GOOGL
2023-10-24,137.830002,139.360001,137.419998,138.809998,138.809998,44814300,GOOGL
2023-10-25,128.160004,128.309998,125.07,125.610001,125.610001,84366200,GOOGL
2023-10-26,123.269997,124.330002,121.269997,122.279999,122.279999,57061100,GOOGL
2023-10-27,122.879997,123.309998,120.209999,122.169998,122.169998,44566500,GOOGL
2023-10-30,123.209999,125.400002,122.75,124.459999,124.459999,28940100,GOOGL
2023-10-31,125.059998,125.370003,122.690002,124.080002,124.080002,26292300,GOOGL
2023-11-01,124.07,126.489998,123.720001,126.449997,126.449997,30082400,GOOGL
2023-11-02,128.419998,128.979996,126.93,127.489998,127.489998,27124600,GOOGL
2023-11-03,128.020004,129.529999,127.860001,129.100006,129.100006,26380100,GOOGL
2023-11-06,129.050003,130.339996,128.669998,130.25,130.25,19052700,GOOGL
2023-11-07,130.710007,131.910004,129.880005,130.970001,130.970001,29757300,GOOGL
2023-11-08,130.970001,132.210007,130.779999,131.839996,131.839996,26425800,GOOGL
2023-11-09,131.960007,132.550003,130.070007,130.240005,130.240005,23747800,GOOGL
2023-11-10,130.100006,132.800003,129.410004,132.589996,132.589996,26913300,GOOGL
2023-11-13,131.779999,132.589996,131.25,132.089996,132.089996,18324800,GOOGL
2023-11-14,134.190002,135.699997,133.320007,133.619995,133.619995,32395200,GOOGL
2023-11-15,134.869995,135.029999,133.570007,134.619995,134.619995,23861500,GOOGL
2023-11-16,135.190002,137.220001,134.320007,136.929993,136.929993,28013200,GOOGL
2023-11-17,136.0,136.059998,133.649994,135.309998,135.309998,37240600,GOOGL
2023-11-20,133.690002,136.660004,133.619995,136.25,136.25,27815500,GOOGL
2023-11-21,136.289993,137.179993,135.960007,136.970001,136.970001,22635300,GOOGL
2023-11-22,137.470001,139.419998,137.470001,138.490005,138.490005,17813900,GOOGL
2023-11-24,138.029999,138.130005,135.990005,136.690002,136.690002,12514300,GOOGL
2023-11-27,136.029999,138.419998,136.0,136.410004,136.410004,23436500,GOOGL
2023-11-28,136.080002,137.25,135.419998,137.199997,137.199997,18730000,GOOGL
2023-11-29,137.570007,138.289993,134.839996,134.990005,134.990005,23967200,GOOGL
2023-11-30,135.050003,135.550003,131.279999,132.529999,132.529999,38988300,GOOGL
2023-12-01,131.860001,132.110001,130.669998,131.860001,131.860001,31431200,GOOGL
2023-12-04,129.880005,130.029999,127.900002,129.270004,129.270004,36669900,GOOGL
2023-12-05,128.949997,132.139999,128.25,130.990005,130.990005,27384800,GOOGL
2023-12-06,131.440002,131.839996,129.880005,130.020004,130.020004,23576200,GOOGL
2023-12-07,135.039993,138.559998,134.699997,136.929993,136.929993,56767100,GOOGL
2023-12-08,134.199997,136.399994,134.029999,134.990005,134.990005,32233900,GOOGL
2023-12-11,132.380005,133.339996,131.360001,133.289993,133.289993,31138000,GOOGL
2023-12-12,131.809998,133.0,131.259995,132.520004,132.520004,29032800,GOOGL
2023-12-13,133.380005,133.5,131.570007,132.570007,132.570007,30104800,GOOGL
2023-12-14,133.380005,133.720001,129.690002,131.940002,131.940002,38722400,GOOGL
2023-12-15,131.619995,133.509995,131.179993,132.600006,132.600006,50815200,GOOGL
